<?xml version="1.0"?>
<doc>
    <assembly>
        <name>Microsoft.Data.Sqlite</name>
    </assembly>
    <members>
        <member name="T:Microsoft.Data.Sqlite.SqliteCommand">
            <summary>
            Represents a SQL statement to be executed against a SQLite database.
            </summary>
        </member>
        <member name="T:Microsoft.Data.Sqlite.SqliteConnection">
            <summary>
            Represents a connection with a SQLite database.
            </summary>
        </member>
        <member name="P:Microsoft.Data.Sqlite.SqliteConnection.Handle">
            <summary>
            Represents an unmanaged pointer to a sqlite3 database object. <see href="https://www.sqlite.org/c3ref/sqlite3.html">See SQLite.org for more documentation on proper usage of this object.</see>
            </summary>
        </member>
        <member name="P:Microsoft.Data.Sqlite.SqliteConnection.ServerVersion">
            <summary>
            Corresponds to the version of the SQLite library used by the connection.
            </summary>
        </member>
        <member name="T:Microsoft.Data.Sqlite.SqliteConnectionCacheMode">
            <summary>
            Represents the connection-caching modes that can be used when creating a new <see cref="T:Microsoft.Data.Sqlite.SqliteConnection"/>. <seealso href="https://www.sqlite.org/sharedcache.html">See SQLite.org for complete documentation on the differences between caching modes.</seealso>
            </summary>
        </member>
        <member name="F:Microsoft.Data.Sqlite.SqliteConnectionCacheMode.Private">
            <summary>
            Default mode. Each connection uses a private cache.
            </summary>
        </member>
        <member name="F:Microsoft.Data.Sqlite.SqliteConnectionCacheMode.Shared">
            <summary>
            Shared-cache mode. Connections share a cache. This mode can change the behavior of transaction and table locking.
            </summary>
        </member>
        <member name="T:Microsoft.Data.Sqlite.SqliteConnectionStringBuilder">
            <summary>
            Provides a simple way to create and manage the contents of connection strings used by <see cref="T:Microsoft.Data.Sqlite.SqliteConnection"/>.
            </summary>
        </member>
        <member name="T:Microsoft.Data.Sqlite.SqliteDataReader">
            <summary>
            Provides methods for reading the result of a statement executed against a SQLite database.
            </summary>
        </member>
        <member name="P:Microsoft.Data.Sqlite.SqliteDataReader.Handle">
            <summary>
            Represents an unmanaged pointer to a sqlite3_stmt object. <see href="https://www.sqlite.org/c3ref/stmt.html">See SQLite.org for more documentation on proper usage of this object.</see>
            </summary>
        </member>
        <member name="P:Microsoft.Data.Sqlite.SqliteDataReader.Item(System.String)">
            <remarks>The <paramref name="name" /> parameter is case sensitive.</remarks>
        </member>
        <member name="M:Microsoft.Data.Sqlite.SqliteDataReader.GetOrdinal(System.String)">
            <remarks>The <paramref name="name" /> parameter is case sensitive.</remarks>
        </member>
        <member name="P:Microsoft.Data.Sqlite.SqliteException.SqliteErrorCode">
            <summary>
            The error code produced by SQLite. The value's meaning depends on the context in which the exception is thrown. 
            <see href="https://www.sqlite.org/rescode.html">See SQLite.org for a list of error codes.</see>
            </summary>
        </member>
        <member name="T:Microsoft.Data.Sqlite.SqliteParameter">
            <summary>
            Represents a parameter and its value in a SQL statement to be executed against a SQLite database.
            </summary>
        </member>
        <member name="P:Microsoft.Data.Sqlite.SqliteParameter.SqliteType">
            <summary>
            Represents the type affinity for this parameter.
            </summary>
        </member>
        <member name="M:Microsoft.Data.Sqlite.SqliteParameter.ResetSqliteType">
            <summary>
            Sets the parameter type to <see cref="P:Microsoft.Data.Sqlite.SqliteParameter.SqliteType">SqliteType.Text</see>.
            </summary>
        </member>
        <member name="T:Microsoft.Data.Sqlite.SqliteParameterCollection">
            <summary>
            A collection of <see cref="T:Microsoft.Data.Sqlite.SqliteParameter"/>.
            </summary>
        </member>
        <member name="T:Microsoft.Data.Sqlite.SqliteTransaction">
            <summary>
            Represents a transaction made against a SQLite database.
            </summary>
        </member>
        <member name="P:Microsoft.Data.Sqlite.SqliteTransaction.IsolationLevel">
            <summary>
            Specifies the IsolationLevel for this transaction. This cannot be changed if the transaction is complete or closed.
            </summary>
        </member>
        <member name="M:Microsoft.Data.Sqlite.SqliteTransaction.Commit">
            <summary>
            Persists the results of all statements executed during this transaction.
            </summary>
        </member>
        <member name="M:Microsoft.Data.Sqlite.SqliteTransaction.Rollback">
            <summary>
            Reverses all changes made in this transaction. 
            </summary>
        </member>
        <member name="T:Microsoft.Data.Sqlite.SqliteType">
            <summary>
            Represents the type affinities used by columns in SQLite tables. 
            <see href="https://www.sqlite.org/datatype3.html#affinity">See SQLite.org for more details on type affinity</see>
            </summary>
        </member>
        <member name="P:Microsoft.Data.Sqlite.Strings.CallRequiresOpenConnection">
            <summary>
            {methodName} can only be called when the connection is open.
            </summary>
        </member>
        <member name="M:Microsoft.Data.Sqlite.Strings.FormatCallRequiresOpenConnection(System.Object)">
            <summary>
            {methodName} can only be called when the connection is open.
            </summary>
        </member>
        <member name="P:Microsoft.Data.Sqlite.Strings.CallRequiresSetCommandText">
            <summary>
            CommandText must be set before {methodName} can be called.
            </summary>
        </member>
        <member name="M:Microsoft.Data.Sqlite.Strings.FormatCallRequiresSetCommandText(System.Object)">
            <summary>
            CommandText must be set before {methodName} can be called.
            </summary>
        </member>
        <member name="P:Microsoft.Data.Sqlite.Strings.ConnectionStringRequiresClosedConnection">
            <summary>
            ConnectionString cannot be set when the connection is open.
            </summary>
        </member>
        <member name="M:Microsoft.Data.Sqlite.Strings.FormatConnectionStringRequiresClosedConnection">
            <summary>
            ConnectionString cannot be set when the connection is open.
            </summary>
        </member>
        <member name="P:Microsoft.Data.Sqlite.Strings.DataReaderClosed">
            <summary>
            Invalid attempt to call {operation} when reader is closed.
            </summary>
        </member>
        <member name="M:Microsoft.Data.Sqlite.Strings.FormatDataReaderClosed(System.Object)">
            <summary>
            Invalid attempt to call {operation} when reader is closed.
            </summary>
        </member>
        <member name="P:Microsoft.Data.Sqlite.Strings.InvalidCacheMode">
            <summary>
            The cache mode '{mode}' is invalid.
            </summary>
        </member>
        <member name="M:Microsoft.Data.Sqlite.Strings.FormatInvalidCacheMode(System.Object)">
            <summary>
            The cache mode '{mode}' is invalid.
            </summary>
        </member>
        <member name="P:Microsoft.Data.Sqlite.Strings.InvalidCommandBehavior">
            <summary>
            The CommandBehavior '{behavior}' is invalid.
            </summary>
        </member>
        <member name="M:Microsoft.Data.Sqlite.Strings.FormatInvalidCommandBehavior(System.Object)">
            <summary>
            The CommandBehavior '{behavior}' is invalid.
            </summary>
        </member>
        <member name="P:Microsoft.Data.Sqlite.Strings.InvalidCommandType">
            <summary>
            The CommandType '{commandType}' is invalid.
            </summary>
        </member>
        <member name="M:Microsoft.Data.Sqlite.Strings.FormatInvalidCommandType(System.Object)">
            <summary>
            The CommandType '{commandType}' is invalid.
            </summary>
        </member>
        <member name="P:Microsoft.Data.Sqlite.Strings.InvalidIsolationLevel">
            <summary>
            The IsolationLevel '{isolationLevel}' is invalid.
            </summary>
        </member>
        <member name="M:Microsoft.Data.Sqlite.Strings.FormatInvalidIsolationLevel(System.Object)">
            <summary>
            The IsolationLevel '{isolationLevel}' is invalid.
            </summary>
        </member>
        <member name="P:Microsoft.Data.Sqlite.Strings.InvalidIsolationLevelForUnsharedCache">
            <summary>
            The IsolationLevel '{isolationLevel}' can only be used with a shared cache. Set 'Cached=Shared' in the connection string.
            </summary>
        </member>
        <member name="M:Microsoft.Data.Sqlite.Strings.FormatInvalidIsolationLevelForUnsharedCache(System.Object)">
            <summary>
            The IsolationLevel '{isolationLevel}' can only be used with a shared cache. Set 'Cached=Shared' in the connection string.
            </summary>
        </member>
        <member name="P:Microsoft.Data.Sqlite.Strings.InvalidParameterDirection">
            <summary>
            The ParameterDirection '{direction}' is invalid.
            </summary>
        </member>
        <member name="M:Microsoft.Data.Sqlite.Strings.FormatInvalidParameterDirection(System.Object)">
            <summary>
            The ParameterDirection '{direction}' is invalid.
            </summary>
        </member>
        <member name="P:Microsoft.Data.Sqlite.Strings.KeywordNotSupported">
            <summary>
            Keyword not supported: '{keyword}'.
            </summary>
        </member>
        <member name="M:Microsoft.Data.Sqlite.Strings.FormatKeywordNotSupported(System.Object)">
            <summary>
            Keyword not supported: '{keyword}'.
            </summary>
        </member>
        <member name="P:Microsoft.Data.Sqlite.Strings.MissingParameters">
            <summary>
            Must add values for the following parameters: {parameters}
            </summary>
        </member>
        <member name="M:Microsoft.Data.Sqlite.Strings.FormatMissingParameters(System.Object)">
            <summary>
            Must add values for the following parameters: {parameters}
            </summary>
        </member>
        <member name="P:Microsoft.Data.Sqlite.Strings.NoData">
            <summary>
            No data exists for the row/column.
            </summary>
        </member>
        <member name="M:Microsoft.Data.Sqlite.Strings.FormatNoData">
            <summary>
            No data exists for the row/column.
            </summary>
        </member>
        <member name="P:Microsoft.Data.Sqlite.Strings.OpenRequiresSetConnectionString">
            <summary>
            ConnectionString must be set before Open can be called.
            </summary>
        </member>
        <member name="M:Microsoft.Data.Sqlite.Strings.FormatOpenRequiresSetConnectionString">
            <summary>
            ConnectionString must be set before Open can be called.
            </summary>
        </member>
        <member name="P:Microsoft.Data.Sqlite.Strings.ParallelTransactionsNotSupported">
            <summary>
            SqliteConnection does not support nested transactions.
            </summary>
        </member>
        <member name="M:Microsoft.Data.Sqlite.Strings.FormatParallelTransactionsNotSupported">
            <summary>
            SqliteConnection does not support nested transactions.
            </summary>
        </member>
        <member name="P:Microsoft.Data.Sqlite.Strings.ParameterNotFound">
            <summary>
            A SqliteParameter with ParameterName '{parameterName}' is not contained by this SqliteParameterCollection.
            </summary>
        </member>
        <member name="M:Microsoft.Data.Sqlite.Strings.FormatParameterNotFound(System.Object)">
            <summary>
            A SqliteParameter with ParameterName '{parameterName}' is not contained by this SqliteParameterCollection.
            </summary>
        </member>
        <member name="P:Microsoft.Data.Sqlite.Strings.RequiresSet">
            <summary>
            {propertyName} must be set.
            </summary>
        </member>
        <member name="M:Microsoft.Data.Sqlite.Strings.FormatRequiresSet(System.Object)">
            <summary>
            {propertyName} must be set.
            </summary>
        </member>
        <member name="P:Microsoft.Data.Sqlite.Strings.TransactionCompleted">
            <summary>
            This SqliteTransaction has completed; it is no longer usable.
            </summary>
        </member>
        <member name="M:Microsoft.Data.Sqlite.Strings.FormatTransactionCompleted">
            <summary>
            This SqliteTransaction has completed; it is no longer usable.
            </summary>
        </member>
        <member name="P:Microsoft.Data.Sqlite.Strings.TransactionConnectionMismatch">
            <summary>
            The transaction object is not associated with the connection object.
            </summary>
        </member>
        <member name="M:Microsoft.Data.Sqlite.Strings.FormatTransactionConnectionMismatch">
            <summary>
            The transaction object is not associated with the connection object.
            </summary>
        </member>
        <member name="P:Microsoft.Data.Sqlite.Strings.TransactionRequired">
            <summary>
            Execute requires the command to have a transaction object when the connection assigned to the command is in a pending local transaction.  The Transaction property of the command has not been initialized.
            </summary>
        </member>
        <member name="M:Microsoft.Data.Sqlite.Strings.FormatTransactionRequired">
            <summary>
            Execute requires the command to have a transaction object when the connection assigned to the command is in a pending local transaction.  The Transaction property of the command has not been initialized.
            </summary>
        </member>
        <member name="P:Microsoft.Data.Sqlite.Strings.UnknownDataType">
            <summary>
            No mapping exists from object type {typeName} to a known managed provider native type.
            </summary>
        </member>
        <member name="M:Microsoft.Data.Sqlite.Strings.FormatUnknownDataType(System.Object)">
            <summary>
            No mapping exists from object type {typeName} to a known managed provider native type.
            </summary>
        </member>
        <member name="P:Microsoft.Data.Sqlite.Strings.SqliteNativeError">
            <summary>
            SQLite Error {errorCode}: '{message}'
            </summary>
        </member>
        <member name="M:Microsoft.Data.Sqlite.Strings.FormatSqliteNativeError(System.Object,System.Object)">
            <summary>
            SQLite Error {errorCode}: '{message}'
            </summary>
        </member>
    </members>
</doc>
